,mean_intensity,std_intensity,entropy,count
true_positive,0.06602503,0.016694859,1.7552953534010949,300
false_positive,0.063318945,0.016760886,1.693324621971577,25
